Name,Email
"Fergus Deleon","fergus@griffintest.co.uk"
"Eve Avila","eve@griffintest.co.uk"
"Khadija Velasquez","khadija@griffintest.co.uk"
"Sophia Lyons","sophia@griffintest.co.uk"
"Salma West","salma@griffintest.co.uk"
"Micheal Mcneil","micheal@griffintest.co.uk"
"Aurora Olson","aurora@griffintest.co.uk"
"Robin Edwards","robin@griffintest.co.uk"
"Sarah Ryan","sarah@griffintest.co.uk"
"Aarav O'Reilly","aarav@griffintest.co.uk"
"Nancy May","nancy@griffintest.co.uk"
"Tiffany Pace","tiffany@griffintest.co.uk"
"Lily-May Bass","lily@griffintest.co.uk"
"Aamina Pope","aamina@griffintest.co.uk"
"Michelle Brown","michelle@griffintest.co.uk"
"Bertie Leblanc","bertie@griffintest.co.uk"
"Coral Tucker","coral@griffintest.co.uk"
"Nikodem Mccarthy","nikodem@griffintest.co.uk"
